{
  "initial_name": "product_0",
  "target_name": "ghz",
  "classical_overlap": 0.4999999999999999,
  "K_values": [
    4,
    6,
    8,
    10,
    12,
    14,
    16
  ],
  "driving_type": "bichromatic",
  "n_trials": 5,
  "t_max": 20.0,
  "period": 1.0,
  "n_qubits": 4,
  "fidelity_static": [
    0.4999999999999999,
    0.4999999999999999,
    0.5024633795387323,
    0.4999999999999999,
    0.4999999999999999,
    0.4999999999999999,
    0.4999999999999999
  ],
  "fidelity_floquet_o1": [
    0.4999999999999999,
    0.4999999999999999,
    0.4999999999999999,
    0.4999999999999999,
    0.4999999999999999,
    0.4999999999999999,
    0.4999999999999999
  ],
  "fidelity_floquet_o2": [
    0.4999999999999999,
    0.4999999999999999,
    0.4999999999999999,
    0.4999999999999999,
    0.4999999999999999,
    0.4999999999999999,
    0.4999999999999999
  ],
  "std_static": [
    0.0,
    0.0,
    0.004926759077464959,
    0.0,
    0.0,
    0.0,
    0.0
  ],
  "std_floquet_o1": [
    0.0,
    0.0,
    0.0,
    0.0,
    0.0,
    0.0,
    0.0
  ],
  "std_floquet_o2": [
    0.0,
    0.0,
    0.0,
    0.0,
    0.0,
    0.0,
    0.0
  ],
  "time_static": [
    0.0,
    0.0,
    1.4157418542107736,
    0.0,
    0.0,
    0.0,
    0.0
  ],
  "time_floquet_o1": [
    0.0,
    0.0,
    0.0,
    0.0,
    0.0,
    0.0,
    0.0
  ],
  "time_floquet_o2": [
    0.0,
    0.0,
    0.0,
    0.0,
    0.0,
    0.0,
    0.0
  ],
  "timestamp": "2026-01-07T15:17:52.879434",
  "script": "run_floquet_operator_scan.py"
}