{
  "initial_name": "product_0",
  "target_name": "ghz",
  "classical_overlap": 0.4999999999999999,
  "K_values": [
    12,
    16,
    20
  ],
  "driving_type": "bichromatic",
  "n_trials": 3,
  "t_max": 100.0,
  "period": 1.0,
  "n_qubits": 4,
  "fidelity_static": [
    0.49999999999999983,
    0.49999999999999983,
    0.49999999999999983
  ],
  "fidelity_floquet_o1": [
    0.49999999999999983,
    0.49999999999999983,
    0.49999999999999983
  ],
  "fidelity_floquet_o2": [
    0.49999999999999983,
    0.49999999999999983,
    0.49999999999999983
  ],
  "std_static": [
    5.551115123125783e-17,
    5.551115123125783e-17,
    5.551115123125783e-17
  ],
  "std_floquet_o1": [
    5.551115123125783e-17,
    5.551115123125783e-17,
    5.551115123125783e-17
  ],
  "std_floquet_o2": [
    5.551115123125783e-17,
    5.551115123125783e-17,
    5.551115123125783e-17
  ],
  "time_static": [
    0.0,
    0.0,
    0.0
  ],
  "time_floquet_o1": [
    0.0,
    0.0,
    0.0
  ],
  "time_floquet_o2": [
    0.0,
    0.0,
    0.0
  ],
  "timestamp": "2026-01-07T15:19:03.527943",
  "script": "run_floquet_operator_scan.py"
}